<?xml version="1.0" encoding="UTF-8"?>
<feature
      id="org.eclipse.e4.rcp"
      label="%featureName"
      version="1.2.1.v20130910-2014"
      provider-name="%providerName"
      image="eclipse_update_120.jpg">

   <description>
      %description
   </description>

   <copyright>
      %copyright
   </copyright>

   <license url="%licenseURL">
      %license
   </license>

   <requires>
      <import feature="org.eclipse.emf.common" version="2.7.0" match="compatible"/>
      <import feature="org.eclipse.emf.ecore" version="2.7.0" match="compatible"/>
   </requires>

   <plugin
         id="org.eclipse.e4.core.services"
         download-size="22"
         install-size="37"
         version="1.1.0.v20130515-1343"
         unpack="false"/>

   <plugin
         id="org.eclipse.e4.ui.workbench.swt"
         download-size="168"
         install-size="336"
         version="0.12.1.v20130815-1438"
         unpack="false"/>

   <plugin
         id="org.eclipse.e4.core.commands"
         download-size="23"
         install-size="42"
         version="0.10.2.v20130515-1857"
         unpack="false"/>

   <plugin
         id="org.eclipse.e4.ui.bindings"
         download-size="47"
         install-size="97"
         version="0.10.101.v20130801-2002"
         unpack="false"/>

   <plugin
         id="org.eclipse.e4.ui.model.workbench"
         download-size="369"
         install-size="1159"
         version="1.0.1.v20130909-1436"
         unpack="false"/>

   <plugin
         id="org.eclipse.e4.ui.services"
         download-size="24"
         install-size="39"
         version="1.0.1.v20130909-1436"
         unpack="false"/>

   <plugin
         id="org.eclipse.e4.ui.workbench.renderers.swt"
         download-size="329"
         install-size="725"
         version="0.11.1.v20130812-1345"
         unpack="false"/>

   <plugin
         id="org.eclipse.e4.ui.workbench"
         download-size="241"
         install-size="516"
         version="1.0.1.v20130910-2014"
         unpack="false"/>

   <plugin
         id="org.eclipse.e4.ui.css.core"
         download-size="194"
         install-size="399"
         version="0.10.100.v20130515-1857"
         unpack="false"/>

   <plugin
         id="org.eclipse.e4.ui.css.swt"
         download-size="151"
         install-size="316"
         version="0.11.0.v20130515-1857"
         unpack="false"/>

   <plugin
         id="org.apache.batik.css"
         download-size="259"
         install-size="511"
         version="1.6.0.v201011041432"
         unpack="false"/>

   <plugin
         id="org.w3c.css.sac"
         download-size="32"
         install-size="56"
         version="1.3.1.v200903091627"
         unpack="false"/>

   <plugin
         id="org.apache.batik.util"
         download-size="98"
         install-size="191"
         version="1.6.0.v201011041432"
         unpack="false"/>

   <plugin
         id="org.w3c.dom.svg"
         download-size="85"
         install-size="119"
         version="1.1.0.v201011041433"
         unpack="false"/>

   <plugin
         id="org.w3c.dom.smil"
         download-size="15"
         install-size="30"
         version="1.0.0.v200806040011"
         unpack="false"/>

   <plugin
         id="javax.inject"
         download-size="12"
         install-size="21"
         version="1.0.0.v20091030"
         unpack="false"/>

   <plugin
         id="javax.annotation"
         download-size="27"
         install-size="57"
         version="1.1.0.v201209060031"
         unpack="false"/>

   <plugin
         id="org.eclipse.e4.core.di"
         download-size="50"
         install-size="99"
         version="1.3.0.v20130514-1256"
         unpack="false"/>

   <plugin
         id="org.eclipse.e4.core.contexts"
         download-size="46"
         install-size="91"
         version="1.3.1.v20130905-0905"
         unpack="false"/>

   <plugin
         id="org.apache.batik.util.gui"
         download-size="160"
         install-size="280"
         version="1.6.0.v201011041432"
         unpack="false"/>

   <plugin
         id="javax.xml"
         download-size="232"
         install-size="378"
         version="1.3.4.v201005080400"
         unpack="false"/>

   <plugin
         id="org.eclipse.e4.core.di.extensions"
         download-size="22"
         install-size="41"
         version="0.11.100.v20130514-1256"
         unpack="false"/>

   <plugin
         id="org.eclipse.e4.ui.css.swt.theme"
         download-size="24"
         install-size="43"
         version="0.9.100.v20130515-1857"
         unpack="false"/>

   <plugin
         id="org.eclipse.e4.ui.di"
         download-size="15"
         install-size="22"
         version="1.0.0.v20130515-1857"
         unpack="false"/>

   <plugin
         id="org.eclipse.e4.ui.widgets"
         download-size="13"
         install-size="22"
         version="1.0.0.v20130515-1857"
         unpack="false"/>

   <plugin
         id="org.eclipse.e4.ui.workbench.renderers.swt.cocoa"
         os="macosx"
         ws="cocoa"
         download-size="37"
         install-size="70"
         version="0.11.100.v20130516-1100"
         fragment="true"
         unpack="false"/>

   <plugin
         id="org.eclipse.equinox.common"
         download-size="104"
         install-size="192"
         version="3.6.200.v20130402-1505"
         unpack="false"/>

   <plugin
         id="org.eclipse.equinox.ds"
         download-size="189"
         install-size="391"
         version="1.4.101.v20130813-1853"
         unpack="false"/>

   <plugin
         id="org.eclipse.equinox.event"
         download-size="31"
         install-size="57"
         version="1.3.0.v20130327-1442"
         unpack="false"/>

   <plugin
         id="org.eclipse.core.commands"
         download-size="105"
         install-size="199"
         version="3.6.100.v20130515-1857"
         unpack="false"/>

   <plugin
         id="org.eclipse.core.contenttype"
         download-size="90"
         install-size="186"
         version="3.4.200.v20130326-1255"
         unpack="false"/>

   <plugin
         id="org.eclipse.core.databinding"
         download-size="197"
         install-size="417"
         version="1.4.1.v20130515-1857"
         unpack="false"/>

   <plugin
         id="org.eclipse.core.databinding.beans"
         download-size="74"
         install-size="186"
         version="1.2.200.v20130515-1857"
         unpack="false"/>

   <plugin
         id="org.eclipse.core.databinding.observable"
         download-size="290"
         install-size="614"
         version="1.4.1.v20130515-1857"
         unpack="false"/>

   <plugin
         id="org.eclipse.core.databinding.property"
         download-size="164"
         install-size="389"
         version="1.4.200.v20130515-1857"
         unpack="false"/>

   <plugin
         id="org.eclipse.core.expressions"
         download-size="86"
         install-size="168"
         version="3.4.500.v20130515-1343"
         unpack="false"/>

   <plugin
         id="org.eclipse.core.jobs"
         download-size="90"
         install-size="176"
         version="3.5.300.v20130429-1813"
         unpack="false"/>

   <plugin
         id="org.eclipse.core.runtime"
         download-size="71"
         install-size="150"
         version="3.9.0.v20130326-1255"
         unpack="false"/>

   <plugin
         id="org.eclipse.equinox.app"
         download-size="84"
         install-size="170"
         version="1.3.100.v20130327-1442"
         unpack="false"/>

   <plugin
         id="org.eclipse.equinox.launcher"
         download-size="48"
         install-size="86"
         version="1.3.0.v20130327-1440"
         unpack="false"/>

   <plugin
         id="com.ibm.icu"
         download-size="9229"
         install-size="20197"
         version="50.1.1.v201304230130"
         unpack="false"/>

   <plugin
         id="org.eclipse.equinox.preferences"
         download-size="123"
         install-size="250"
         version="3.5.100.v20130422-1538"
         unpack="false"/>

   <plugin
         id="org.eclipse.equinox.registry"
         download-size="179"
         install-size="373"
         version="3.5.301.v20130717-1549"
         unpack="false"/>

   <plugin
         id="org.eclipse.equinox.simpleconfigurator"
         download-size="39"
         install-size="71"
         version="1.0.400.v20130327-2119"
         unpack="false"/>

   <plugin
         id="org.eclipse.osgi"
         download-size="1358"
         install-size="2939"
         version="3.9.1.v20130814-1242"
         unpack="false"/>

   <plugin
         id="org.eclipse.osgi.services"
         download-size="80"
         install-size="133"
         version="3.3.100.v20130513-1956"
         unpack="false"/>

   <plugin
         id="org.eclipse.equinox.launcher"
         download-size="0"
         install-size="0"
         version="0.0.0"
         unpack="false"/>

   <plugin
         id="org.eclipse.equinox.launcher.gtk.solaris.sparc"
         os="solaris"
         ws="gtk"
         arch="sparc"
         download-size="40"
         install-size="105"
         version="1.1.200.v20130807-1835"
         fragment="true"/>

   <plugin
         id="org.eclipse.equinox.launcher.gtk.solaris.x86"
         os="solaris"
         ws="gtk"
         arch="x86"
         download-size="35"
         install-size="94"
         version="1.1.200.v20130807-1835"
         fragment="true"/>

   <plugin
         id="org.eclipse.equinox.launcher.cocoa.macosx"
         os="macosx"
         ws="cocoa"
         arch="ppc"
         download-size="0"
         install-size="0"
         version="0.0.0"
         fragment="true"/>

   <plugin
         id="org.eclipse.equinox.launcher.cocoa.macosx"
         os="macosx"
         ws="cocoa"
         arch="x86"
         download-size="48"
         install-size="129"
         version="1.1.200.v20130807-1835"
         fragment="true"/>

   <plugin
         id="org.eclipse.equinox.launcher.cocoa.macosx.x86_64"
         os="macosx"
         ws="cocoa"
         arch="x86_64"
         download-size="30"
         install-size="66"
         version="1.1.200.v20130807-1835"
         fragment="true"/>


   <plugin
         id="org.eclipse.equinox.launcher.gtk.linux.ppc"
         os="linux"
         ws="gtk"
         arch="ppc"
         download-size="79"
         install-size="197"
         version="1.1.200.v20130807-1835"
         fragment="true"/>

   <plugin
         id="org.eclipse.equinox.launcher.gtk.linux.ppc64"
         os="linux"
         ws="gtk"
         arch="ppc64"
         download-size="82"
         install-size="225"
         version="1.0.200.v20130807-1835"
         fragment="true"/>

   <plugin
         id="org.eclipse.equinox.launcher.gtk.linux.x86"
         os="linux"
         ws="gtk"
         arch="x86"
         download-size="74"
         install-size="175"
         version="1.1.200.v20130807-1835"
         fragment="true"/>

   <plugin
         id="org.eclipse.equinox.launcher.gtk.linux.s390x"
         os="linux"
         ws="gtk"
         arch="s390x"
         download-size="82"
         install-size="218"
         version="1.1.200.v20130807-1835"
         fragment="true"/>

   <plugin
         id="org.eclipse.equinox.launcher.gtk.linux.s390"
         os="linux"
         ws="gtk"
         arch="s390"
         download-size="81"
         install-size="198"
         version="1.1.200.v20130807-1835"
         fragment="true"/>

   <plugin
         id="org.eclipse.equinox.launcher.gtk.linux.x86_64"
         os="linux"
         ws="gtk"
         arch="x86_64"
         download-size="78"
         install-size="197"
         version="1.1.200.v20130807-1835"
         fragment="true"/>

   <plugin
         id="org.eclipse.equinox.launcher.gtk.aix.ppc"
         os="aix"
         ws="gtk"
         arch="ppc"
         download-size="300"
         install-size="1028"
         version="1.1.100.v20130807-1835"
         fragment="true"/>

   <plugin
         id="org.eclipse.equinox.launcher.gtk.aix.ppc64"
         os="aix"
         ws="gtk"
         arch="ppc64"
         download-size="306"
         install-size="1075"
         version="1.1.100.v20130807-1835"
         fragment="true"/>

   <plugin
         id="org.eclipse.equinox.launcher.gtk.hpux.ia64"
         os="hpux"
         ws="gtk"
         arch="ia64"
         download-size="43"
         install-size="157"
         version="1.0.100.v20130807-1835"
         fragment="true"/>

   <plugin
         id="org.eclipse.equinox.launcher.win32.win32.x86"
         os="win32"
         ws="win32"
         arch="x86"
         download-size="26"
         install-size="63"
         version="1.1.200.v20130807-1835"
         fragment="true"/>

   <plugin
         id="org.eclipse.equinox.launcher.win32.win32.x86_64"
         os="win32"
         ws="win32"
         arch="x86_64"
         download-size="28"
         install-size="67"
         version="1.1.200.v20130807-1835"
         fragment="true"/>

   <plugin
         id="org.eclipse.swt"
         download-size="18"
         install-size="36"
         version="3.102.1.v20130827-2021"
         unpack="false"/>

   <plugin
         id="org.eclipse.swt.win32.win32.x86"
         os="win32"
         ws="win32"
         arch="x86"
         download-size="2633"
         install-size="5478"
         version="3.102.1.v20130827-2048"
         fragment="true"
         unpack="false"/>

   <plugin
         id="org.eclipse.swt.win32.win32.x86_64"
         os="win32"
         ws="win32"
         arch="x86_64"
         download-size="2648"
         install-size="5609"
         version="3.102.1.v20130827-2048"
         fragment="true"
         unpack="false"/>

   <plugin
         id="org.eclipse.swt.gtk.linux.x86"
         os="linux"
         ws="gtk"
         arch="x86"
         download-size="2363"
         install-size="5469"
         version="3.102.1.v20130827-2048"
         fragment="true"
         unpack="false"/>

   <plugin
         id="org.eclipse.swt.gtk.linux.s390x"
         os="linux"
         ws="gtk"
         arch="s390x"
         download-size="2431"
         install-size="5949"
         version="3.102.1.v20130827-2048"
         fragment="true"
         unpack="false"/>

   <plugin
         id="org.eclipse.swt.gtk.linux.s390"
         os="linux"
         ws="gtk"
         arch="s390"
         download-size="2397"
         install-size="5733"
         version="3.102.1.v20130827-2048"
         fragment="true"
         unpack="false"/>

   <plugin
         id="org.eclipse.swt.gtk.solaris.sparc"
         os="solaris"
         ws="gtk"
         arch="sparc"
         download-size="2320"
         install-size="5355"
         version="3.102.1.v20130827-2048"
         fragment="true"
         unpack="false"/>

   <plugin
         id="org.eclipse.swt.gtk.solaris.x86"
         os="solaris"
         ws="gtk"
         arch="x86"
         download-size="2259"
         install-size="5121"
         version="3.102.1.v20130827-2048"
         fragment="true"
         unpack="false"/>

   <plugin
         id="org.eclipse.swt.gtk.linux.ppc"
         os="linux"
         ws="gtk"
         arch="ppc"
         download-size="2368"
         install-size="5782"
         version="3.102.1.v20130827-2048"
         fragment="true"
         unpack="false"/>

   <plugin
         id="org.eclipse.swt.gtk.linux.ppc64"
         os="linux"
         ws="gtk"
         arch="ppc64"
         download-size="2445"
         install-size="6419"
         version="3.102.1.v20130827-2048"
         fragment="true"
         unpack="false"/>

   <plugin
         id="org.eclipse.swt.gtk.linux.x86_64"
         os="linux"
         ws="gtk"
         arch="x86_64"
         download-size="2512"
         install-size="6125"
         version="3.102.1.v20130827-2048"
         fragment="true"
         unpack="false"/>

   <plugin
         id="org.eclipse.swt.cocoa.macosx"
         os="macosx"
         ws="cocoa"
         arch="ppc"
         download-size="0"
         install-size="0"
         version="0.0.0"
         fragment="true"
         unpack="false"/>

   <plugin
         id="org.eclipse.swt.cocoa.macosx"
         os="macosx"
         ws="cocoa"
         arch="x86"
         download-size="2314"
         install-size="5683"
         version="3.102.1.v20130827-2048"
         fragment="true"
         unpack="false"/>

   <plugin
         id="org.eclipse.swt.cocoa.macosx.x86_64"
         os="macosx"
         ws="cocoa"
         arch="x86_64"
         download-size="2220"
         install-size="5111"
         version="3.102.1.v20130827-2048"
         fragment="true"
         unpack="false"/>

   <plugin
         id="org.eclipse.swt.gtk.aix.ppc"
         os="aix"
         ws="gtk"
         arch="ppc"
         download-size="2273"
         install-size="5710"
         version="3.102.1.v20130827-2048"
         fragment="true"
         unpack="false"/>

   <plugin
         id="org.eclipse.swt.gtk.aix.ppc64"
         os="aix"
         ws="gtk"
         arch="ppc64"
         download-size="2313"
         install-size="5907"
         version="3.102.1.v20130827-2048"
         fragment="true"
         unpack="false"/>

   <plugin
         id="org.eclipse.swt.gtk.hpux.ia64"
         os="hpux"
         ws="gtk"
         arch="ia64"
         download-size="2339"
         install-size="6312"
         version="3.102.1.v20130827-2048"
         fragment="true"
         unpack="false"/>

   <plugin
         id="org.eclipse.equinox.util"
         download-size="75"
         install-size="139"
         version="1.0.500.v20130404-1337"
         unpack="false"/>

   <plugin
         id="org.eclipse.jface"
         download-size="1074"
         install-size="2141"
         version="3.9.1.v20130725-1141"
         unpack="false"/>

   <plugin
         id="org.eclipse.jface.databinding"
         download-size="271"
         install-size="548"
         version="1.6.200.v20130515-1857"
         unpack="false"/>

   <plugin
         id="org.eclipse.e4.ui.workbench3"
         download-size="9"
         install-size="14"
         version="0.12.0.v20130515-1857"
         unpack="false"/>

   <plugin
         id="org.apache.felix.gogo.command"
         download-size="56"
         install-size="113"
         version="0.10.0.v201209301215"
         unpack="false"/>

   <plugin
         id="org.apache.felix.gogo.runtime"
         download-size="78"
         install-size="154"
         version="0.10.0.v201209301036"
         unpack="false"/>

   <plugin
         id="org.apache.felix.gogo.shell"
         download-size="59"
         install-size="121"
         version="0.10.0.v201212101605"
         unpack="false"/>

   <plugin
         id="org.eclipse.equinox.console"
         download-size="113"
         install-size="232"
         version="1.0.100.v20130429-0953"
         unpack="false"/>

   <plugin
         id="org.eclipse.e4.ui.workbench.addons.swt"
         download-size="130"
         install-size="270"
         version="1.0.1.v20130823-1518"
         unpack="false"/>

   <plugin
         id="org.eclipse.equinox.bidi"
         download-size="47"
         install-size="89"
         version="0.10.0.v20130327-1442"
         unpack="false"/>

</feature>
