<?xml version='1.0' encoding='UTF-8'?>
<?artifactRepository version='1.1.0'?>
<repository name='download cache' type='org.eclipse.equinox.p2.artifact.repository.simpleRepository' version='1.0.0'>
  <properties size='2'>
    <property name='p2.system' value='true'/>
    <property name='p2.timestamp' value='1392808743002'/>
  </properties>
  <mappings size='3'>
    <rule filter='(&amp; (classifier=osgi.bundle))' output='${repoUrl}/plugins/${id}_${version}.jar'/>
    <rule filter='(&amp; (classifier=binary))' output='${repoUrl}/binary/${id}_${version}'/>
    <rule filter='(&amp; (classifier=org.eclipse.update.feature))' output='${repoUrl}/features/${id}_${version}.jar'/>
  </mappings>
  <artifacts size='2'>
    <artifact classifier='binary' id='org.eclipse.rcp_root' version='4.3.1.v20130911-1000'>
      <properties size='1'>
        <property name='download.size' value='37073'/>
      </properties>
    </artifact>
    <artifact classifier='binary' id='zephyr.product.product_root.cocoa.macosx.x86_64' version='1.0.0.201402191118'>
      <properties size='1'>
        <property name='download.size' value='170802'/>
      </properties>
    </artifact>
  </artifacts>
</repository>
