<?xml version="1.0" encoding="UTF-8"?>
<config transient="false" date="1392808753164">
	<site enabled="true" updateable="true" policy="USER-EXCLUDE" url="platform:/base/">
		<feature id="org.eclipse.e4.rcp" url="features/org.eclipse.e4.rcp_1.2.1.v20130910-2014/" version="1.2.1.v20130910-2014">
		</feature>
		<feature id="zephyr.feature.e4" url="features/zephyr.feature.e4_1.0.0.201402191118/" version="1.0.0.201402191118">
		</feature>
		<feature id="org.eclipse.equinox.p2.core.feature" url="features/org.eclipse.equinox.p2.core.feature_1.2.1.v20130827-1605/" version="1.2.1.v20130827-1605">
		</feature>
		<feature id="zephyr.feature.main" url="features/zephyr.feature.main_1.0.0.201402191118/" version="1.0.0.201402191118">
		</feature>
		<feature id="zephyr.feature.platform" url="features/zephyr.feature.platform_1.0.0.201402191118/" version="1.0.0.201402191118">
		</feature>
		<feature id="org.eclipse.equinox.p2.extras.feature" url="features/org.eclipse.equinox.p2.extras.feature_1.2.0.v20130827-1605/" version="1.2.0.v20130827-1605">
		</feature>
		<feature id="org.eclipse.equinox.p2.discovery.feature" url="features/org.eclipse.equinox.p2.discovery.feature_1.0.100.v20130502-0334/" version="1.0.100.v20130502-0334">
		</feature>
		<feature id="org.eclipse.emf.ecore" url="features/org.eclipse.emf.ecore_2.10.0.v20140117-0813/" version="2.10.0.v20140117-0813">
		</feature>
		<feature id="org.eclipse.rcp" url="features/org.eclipse.rcp_4.3.1.v20130911-1000/" version="4.3.1.v20130911-1000">
		</feature>
		<feature id="org.eclipse.equinox.p2.rcp.feature" url="features/org.eclipse.equinox.p2.rcp.feature_1.2.0.v20130828-0031/" version="1.2.0.v20130828-0031">
		</feature>
		<feature id="org.eclipse.equinox.p2.user.ui" url="features/org.eclipse.equinox.p2.user.ui_2.2.0.v20130828-0031/" version="2.2.0.v20130828-0031">
		</feature>
		<feature id="org.eclipse.emf.common" url="features/org.eclipse.emf.common_2.10.0.v20140117-0813/" version="2.10.0.v20140117-0813">
		</feature>
	</site>
</config>
